code,date,pct_float,type
000049,2010-01-26,0.478665694837,股权分置限售股份
300017,2010-02-01,0.2,首发机构配售股份
300002,2010-02-01,0.2,首发机构配售股份
300003,2010-02-01,0.2,首发机构配售股份
600999,2010-02-22,0.199999642445,首发机构配售股份
000063,2010-02-26,0.000476255127,股权激励限售股份
601318,2010-03-01,0.179638406528,首发原股东限售股份
600760,2010-03-02,0.062581328173,股权分置限售股份
600522,2010-03-04,0.155858891594,定向增发机构配售股份
000157,2010-04-15,0.508518678778,股权分置限售股份
002352,2010-05-05,0.2,首发机构配售股份
600410,2010-05-21,0.099092942774,股权分置限售股份
601601,2010-06-04,0.03903474627,首发原股东限售股份
600879,2010-06-08,0.0309748271,定向增发机构配售股份
000625,2010-06-21,0.408902106722,股权分置限售股份
000423,2010-06-23,0.18520111469,股权分置限售股份
002384,2010-07-09,0.2,首发机构配售股份
600048,2010-07-14,0.077941699218,定向增发机构配售股份
600435,2010-08-02,0.211485640002,定向增发机构配售股份
002400,2010-08-06,0.2,首发机构配售股份
002407,2010-08-18,0.2,首发机构配售股份
600079,2010-08-19,0.028600633749,股权分置限售股份
600029,2010-08-20,0.6875,股权分置限售股份
002281,2010-08-23,0.512195121951,首发原股东限售股份
002415,2010-08-30,0.2,首发机构配售股份
600079,2010-09-01,0.159419061075,定向增发机构配售股份
000963,2010-09-02,0.119763269617,股权分置限售股份
002422,2010-09-03,0.2,首发机构配售股份
600760,2010-09-15,0.11123998777,股权分置限售股份
000807,2010-09-16,0.099959073542,定向增发机构配售股份
002436,2010-09-20,0.2,首发机构配售股份
601618,2010-09-21,0.0351193137,首发原股东限售股份
600150,2010-09-27,0.603722063037,定向增发机构配售股份
600000,2010-09-29,0.102395750906,定向增发机构配售股份
601088,2010-10-11,0.889645284379,首发原股东限售股份
002176,2010-10-13,0.314560083359,首发原股东限售股份
000069,2010-10-14,0.012762578754,股权激励限售股份
601288,2010-10-15,0.327982806809,首发机构配售股份
300017,2010-11-01,0.439889186248,首发原股东限售股份
300003,2010-11-01,0.708586021604,首发原股东限售股份
300002,2010-11-01,0.082105140242,首发原股东限售股份
600999,2010-11-17,0.810182515592,首发原股东限售股份
300115,2010-12-02,0.2,首发机构配售股份
300118,2010-12-02,0.2,首发机构配售股份
600157,2010-12-27,0.47628059821,股权分置限售股份
600115,2010-12-27,0.323071432596,定向增发机构配售股份
601601,2010-12-27,0.568125079414,首发原股东限售股份
300124,2010-12-28,0.2,首发机构配售股份
601099,2010-12-28,0.820778485569,首发原股东限售股份
601099,2011-01-19,0.023946583512,股权分置限售股份
002497,2011-02-09,0.2,首发机构配售股份
000157,2011-02-14,0.154342273184,定向增发机构配售股份
600879,2011-02-14,0.2285598994,股权分置限售股份
002506,2011-02-18,0.2,首发机构配售股份
600547,2011-02-21,0.093719693404,定向增发机构配售股份
600760,2011-03-02,0.101043233437,股权分置限售股份
601933,2011-03-15,0.2,首发机构配售股份
600219,2011-03-29,0.254856677983,定向增发机构配售股份
002384,2011-04-11,0.284212409967,首发原股东限售股份
002223,2011-04-18,0.716389933413,首发原股东限售股份
300168,2011-04-26,0.2,首发机构配售股份
000768,2011-05-05,0.348186106142,定向增发机构配售股份
002400,2011-05-06,0.545661463474,首发原股东限售股份
601099,2011-05-10,0.001361842895,股权分置限售股份
600516,2011-05-16,0.517770216369,"定向增发机构配售股份,股权分置限售股份"
002407,2011-05-18,0.644614580509,首发原股东限售股份
002415,2011-05-30,0.599579558536,首发原股东限售股份
002555,2011-06-02,0.2,首发机构配售股份
002422,2011-06-03,0.461797461852,首发原股东限售股份
000807,2011-06-17,0.416765649274,股权分置限售股份
002436,2011-06-20,0.599779536343,首发原股东限售股份
600867,2011-06-20,0.345240243812,股权分置限售股份
600216,2011-06-23,0.000175533078,股权分置限售股份
002223,2011-06-28,0.025744247365,定向增发机构配售股份
600010,2011-06-30,0.576462782896,"定向增发机构配售股份,股权分置限售股份"
000997,2011-07-07,0.113759645354,定向增发机构配售股份
600316,2011-07-12,0.165520607656,定向增发机构配售股份
600157,2011-07-13,0.134921614514,定向增发机构配售股份
601288,2011-07-15,0.249999993889,首发战略配售股份
600100,2011-07-21,0.016984444927,定向增发机构配售股份
000063,2011-07-21,0.021692015223,股权激励限售股份
002261,2011-07-25,0.235057086506,首发原股东限售股份
600410,2011-07-27,0.011845675179,股权激励限售股份
600079,2011-08-19,0.023476741186,股权分置限售股份
600219,2011-08-26,0.098853101856,股权分置限售股份
300115,2011-09-02,0.291715683739,首发原股东限售股份
300118,2011-09-02,0.430945455795,首发原股东限售股份
300226,2011-09-08,0.2,首发机构配售股份
002185,2011-09-22,0.373563218391,首发原股东限售股份
300124,2011-09-28,0.163756464428,首发原股东限售股份
000069,2011-10-10,0.012601756358,股权激励限售股份
002600,2011-10-17,0.2,首发机构配售股份
600633,2011-10-31,0.275854495272,股权分置限售股份
600219,2011-10-31,0.361915246072,追加承诺限售股份上市流通
600029,2011-11-01,0.222999222999,定向增发机构配售股份
002506,2011-11-18,0.40827253079,首发原股东限售股份
002036,2011-11-21,0.011295952514,股权分置限售股份
601933,2011-12-15,0.673404101505,首发原股东限售股份
000063,2011-12-29,0.001870943513,股权激励限售股份
601288,2012-01-16,0.199999996089,首发战略配售股份
300168,2012-01-30,0.645788754846,首发原股东限售股份
600547,2012-02-20,0.463504173289,股权分置限售股份
600157,2012-03-26,0.159296909823,定向增发机构配售股份
002044,2012-03-27,0.212806204483,追加承诺限售股份上市流通
600079,2012-05-14,0.020984997455,股权激励限售股份
600435,2012-05-28,0.514192114522,"定向增发机构配售股份,股权分置限售股份"
002415,2012-05-31,0.047750686936,首发原股东限售股份
300226,2012-06-08,0.306879223705,首发原股东限售股份
601099,2012-06-15,0.012639547179,股权分置限售股份
600999,2012-06-18,0.015517223647,首发原股东限售股份
600115,2012-06-25,0.097900588174,定向增发机构配售股份
600115,2012-07-02,0.327553543619,定向增发机构配售股份
002600,2012-07-16,0.114699331849,首发原股东限售股份
600048,2012-07-16,0.017668744621,定向增发机构配售股份
600536,2012-07-18,0.285266043923,定向增发机构配售股份
002176,2012-07-20,0.080202543437,定向增发机构配售股份
600115,2012-07-25,0.398232972284,股权分置限售股份
600410,2012-07-27,0.00917178241,股权激励限售股份
000983,2012-07-27,0.532818871184,股权分置限售股份
300315,2012-08-13,0.199437858976,首发机构配售股份
300316,2012-08-16,0.197901049475,首发机构配售股份
600079,2012-08-20,0.022467685115,股权分置限售股份
600029,2012-08-20,0.104533429969,定向增发机构配售股份
002281,2012-08-21,0.046511627907,首发原股东限售股份
600079,2012-09-03,0.042675858633,定向增发机构配售股份
600410,2012-09-05,0.07349883291,定向增发机构配售股份
002292,2012-09-10,0.517065868263,首发原股东限售股份
000807,2012-09-19,0.055085889223,定向增发机构配售股份
601618,2012-09-21,0.021337520783,首发原股东限售股份
300124,2012-09-28,0.02222237417,首发原股东限售股份
002044,2012-10-11,0.030537346711,追加承诺限售股份上市流通
000069,2012-10-15,0.012469569747,股权激励限售股份
300017,2012-10-30,0.127340164799,首发原股东限售股份
300002,2012-10-30,0.288677409374,首发原股东限售股份
300168,2012-11-05,0.003958519048,首发原股东限售股份
002185,2012-11-05,0.081053678855,定向增发机构配售股份
002223,2012-11-14,0.582639651913,追加承诺限售股份上市流通
600999,2012-11-19,0.464874467292,首发原股东限售股份
600546,2012-12-03,0.571681972684,定向增发机构配售股份
600886,2012-12-04,0.401036024786,定向增发机构配售股份
000063,2012-12-24,0.002353931349,股权激励限售股份
300115,2012-12-24,0.124896110721,首发原股东限售股份
600115,2012-12-24,0.062964088216,定向增发机构配售股份
600546,2012-12-24,0.574303752314,"定向增发机构配售股份,股权分置限售股份"
300226,2013-01-04,0.00025985275,首发原股东限售股份
300002,2013-01-04,0.263188376642,首发原股东限售股份
300003,2013-01-04,0.573482208617,首发原股东限售股份
300017,2013-01-09,0.164635774587,追加承诺限售股份上市流通
002415,2013-01-21,0.059367598478,首发原股东限售股份
002352,2013-02-05,0.43504523897,首发原股东限售股份
002281,2013-02-07,0.4625,首发原股东限售股份
600221,2013-02-25,0.151059091947,定向增发机构配售股份
300226,2013-02-28,0.003438937368,首发原股东限售股份
600157,2013-03-06,0.258865814887,定向增发机构配售股份
002400,2013-05-06,0.5261961165,首发原股东限售股份
600079,2013-05-13,0.014514747307,股权激励限售股份
300316,2013-05-13,0.227742455003,首发原股东限售股份
300315,2013-05-13,0.496636451321,首发原股东限售股份
002600,2013-05-20,0.308166409861,首发原股东限售股份
002407,2013-05-20,0.318548740006,首发原股东限售股份
002415,2013-05-28,0.604316256624,首发原股东限售股份
002422,2013-06-03,0.050774066774,首发原股东限售股份
002436,2013-06-18,0.366525808991,首发原股东限售股份
002384,2013-06-20,1.090190978433,首发原股东限售股份
600795,2013-07-01,0.093555433306,定向增发机构配售股份
600316,2013-07-12,0.056711768232,定向增发机构配售股份
601288,2013-07-16,0.910014532575,首发原股东限售股份
300346,2013-08-07,0.185551146027,首发原股东限售股份
000933,2013-08-09,0.11641789493,定向增发机构配售股份
600221,2013-08-13,0.332812278822,定向增发机构配售股份
600216,2013-08-26,0.134600468554,定向增发机构配售股份
300002,2013-09-24,0.003960087947,股权激励限售股份
600760,2013-09-30,0.208556136664,定向增发机构配售股份
300124,2013-09-30,0.600630439314,首发原股东限售股份
601088,2013-10-09,0.010915019448,首发原股东限售股份
000738,2013-10-18,0.805268874222,"定向增发机构配售股份,追加承诺限售股份上市流通"
000069,2013-10-22,0.01238881008,股权激励限售股份
600029,2013-11-06,0.017642912576,定向增发机构配售股份
002497,2013-11-11,0.640039183775,首发原股东限售股份
300118,2013-11-12,0.267580083663,首发原股东限售股份
601933,2013-12-18,0.486870732988,首发原股东限售股份
300315,2013-12-30,0.001228755206,首发原股东限售股份
002415,2014-01-02,0.032308650003,首发原股东限售股份
002352,2014-01-16,0.287604864409,首发原股东限售股份
300168,2014-01-27,0.269290053317,首发原股东限售股份
600010,2014-01-30,0.183885935566,定向增发机构配售股份
002555,2014-03-03,0.422750424448,首发原股东限售股份
601601,2014-03-24,0.012472796062,首发原股东限售股份
600157,2014-03-25,0.04816053727,定向增发机构配售股份
600699,2014-04-14,0.235138497685,定向增发机构配售股份
600633,2014-04-22,0.474514415292,定向增发机构配售股份
600079,2014-05-13,0.014014278423,股权激励限售股份
300226,2014-06-09,0.575353278946,首发原股东限售股份
600516,2014-06-25,0.107184240841,定向增发机构配售股份
300315,2014-06-30,0.015431444005,首发原股东限售股份
300115,2014-07-07,0.00024554184,追加承诺限售股份上市流通
002600,2014-07-15,0.591567023285,首发原股东限售股份
600100,2014-08-15,0.014889735357,定向增发机构配售股份
600079,2014-08-19,0.020055302183,股权分置限售股份
600633,2014-09-04,0.489709603598,定向增发机构配售股份
600079,2014-09-05,0.056208500536,定向增发机构配售股份
600100,2014-09-05,0.025338909519,定向增发机构配售股份
000738,2014-09-09,0.177021966914,定向增发机构配售股份
002415,2014-09-24,0.001722042583,股权激励限售股份
002281,2014-09-25,0.017381224174,定向增发机构配售股份
000963,2014-09-30,0.355050137631,追加承诺限售股份上市流通
300002,2014-11-05,0.003364241732,股权激励限售股份
002506,2014-11-19,0.220360797299,追加承诺限售股份上市流通
600536,2014-12-24,0.068751055833,定向增发机构配售股份
000917,2014-12-29,0.340352474999,定向增发机构配售股份
300226,2015-01-05,0.00027910405,首发原股东限售股份
002352,2015-01-12,0.064145593534,首发机构配售股份
002709,2015-01-23,0.469120528368,首发原股东限售股份
002716,2015-01-28,0.53047661707,首发原股东限售股份
002352,2015-02-25,0.002580044108,首发原股东限售股份
300315,2015-02-26,0.075283516985,"首发原股东限售股份,定向增发机构配售股份"
600699,2015-03-02,0.459372474513,定向增发机构配售股份
300363,2015-03-03,0.287581699346,首发原股东限售股份
600157,2015-03-06,0.147694071724,定向增发机构配售股份
000768,2015-03-13,0.05562115529,追加承诺限售股份上市流通
300226,2015-03-24,0.000210681151,首发原股东限售股份
601099,2015-04-21,0.249586516371,定向增发机构配售股份
000733,2015-04-22,0.165530479046,定向增发机构配售股份
300379,2015-04-30,0.503995227809,首发原股东限售股份
300315,2015-05-06,0.038098249351,定向增发机构配售股份
300315,2015-05-11,0.212242044971,首发原股东限售股份
300316,2015-05-11,0.630966203103,首发原股东限售股份
601288,2015-05-15,0.033639131524,首发原股东限售股份
600999,2015-05-27,0.029564240814,定向增发机构配售股份
300002,2015-05-28,0.014366053401,定向增发机构配售股份
002352,2015-06-08,0.001032559895,首发原股东限售股份
002292,2015-06-16,0.009166008596,定向增发机构配售股份
300315,2015-07-02,0.074317397551,定向增发机构配售股份
603369,2015-07-03,0.769828926905,首发原股东限售股份
002176,2015-07-17,0.186064364714,定向增发机构配售股份
002292,2015-07-20,0.000725391275,股权激励限售股份
002716,2015-07-28,0.058573361952,首发原股东限售股份
000670,2015-08-03,0.172876672864,股权分置限售股份
002261,2015-08-10,0.006301064674,股权激励限售股份
600079,2015-08-19,0.018576409009,股权分置限售股份
603806,2015-09-08,0.334885267709,首发原股东限售股份
300002,2015-09-10,0.004591008974,股权激励限售股份
002415,2015-09-14,0.001659364145,股权激励限售股份
600867,2015-09-15,0.000402433909,股权激励限售股份
300346,2015-09-18,0.54742009058,首发原股东限售股份
600522,2015-09-24,0.18343678428,定向增发机构配售股份
600584,2015-10-08,0.133496236936,定向增发机构配售股份
603456,2015-10-12,0.101659751037,首发原股东限售股份
600000,2015-10-14,0.2,定向增发机构配售股份
002292,2015-10-14,0.02002750448,定向增发机构配售股份
002281,2015-10-15,0.096127990083,定向增发机构配售股份
300118,2015-10-16,0.062469473594,定向增发机构配售股份
000997,2015-10-26,0.007592101324,股权激励限售股份
000768,2015-11-16,0.066400967716,定向增发机构配售股份
300409,2015-12-03,0.448919033489,首发原股东限售股份
300408,2015-12-08,0.809374849875,首发原股东限售股份
600699,2015-12-18,0.293958223038,定向增发机构配售股份
000917,2015-12-22,7.4388552e-05,定向增发机构配售股份
300118,2015-12-31,0.029891750975,定向增发机构配售股份
600795,2016-01-08,0.09337533003,定向增发机构配售股份
002352,2016-01-11,0.063019364533,首发原股东限售股份
300379,2016-01-13,0.036855541775,定向增发机构配售股份
300364,2016-01-22,0.539901455787,首发原股东限售股份
300364,2016-01-25,0.029943015863,首发原股东限售股份
000166,2016-01-26,0.373215946921,首发原股东限售股份
300226,2016-02-01,7.5539075e-05,首发原股东限售股份
002281,2016-02-01,0.114748655942,定向增发机构配售股份
000069,2016-02-04,0.464659153621,股权分置限售股份
002400,2016-02-05,0.01396614825,定向增发机构配售股份
002261,2016-02-15,0.046667627454,定向增发机构配售股份
300379,2016-02-29,0.042325475443,首发原股东限售股份
300168,2016-03-10,0.002489634369,定向增发机构配售股份
000166,2016-03-15,0.017457798342,首发原股东限售股份
603338,2016-03-25,0.121146565711,首发原股东限售股份
300118,2016-04-01,0.020192306088,定向增发机构配售股份
600330,2016-04-01,0.225209833608,定向增发机构配售股份
300115,2016-04-11,0.071228929037,定向增发机构配售股份
600115,2016-04-18,0.082402841848,定向增发机构配售股份
600366,2016-04-21,0.009526490951,股权激励限售股份
600633,2016-04-22,0.04562517227,定向增发机构配售股份
002415,2016-04-25,0.005201917022,首发原股东限售股份
002384,2016-05-03,0.14391256715,定向增发机构配售股份
300315,2016-05-09,0.027953621036,定向增发机构配售股份
002400,2016-05-10,0.013005571779,定向增发机构配售股份
300451,2016-05-16,0.562940400213,首发原股东限售股份
300316,2016-05-19,0.001397449814,股权激励限售股份
600111,2016-05-25,0.389164749278,股权分置限售股份
000997,2016-05-27,0.000756062621,股权激励限售股份
002407,2016-05-27,0.014832605787,股权激励限售股份
300465,2016-06-01,0.582754520994,首发原股东限售股份
002422,2016-06-03,0.151897927908,追加承诺限售股份上市流通
300468,2016-06-03,0.558152636172,首发原股东限售股份
002292,2016-06-07,0.004242537009,定向增发机构配售股份
300457,2016-06-13,0.449021583831,首发原股东限售股份
000807,2016-06-13,0.106192956853,定向增发机构配售股份
300408,2016-06-20,0.002198947518,首发原股东限售股份
601211,2016-06-27,0.680561991373,首发原股东限售股份
300124,2016-07-11,0.002868357348,股权激励限售股份
000670,2016-07-15,0.068033311632,股权分置限售股份
002261,2016-08-01,0.015002369565,定向增发机构配售股份
300118,2016-08-09,0.03962910882,定向增发机构配售股份
002261,2016-08-10,0.004512283091,股权激励限售股份
000768,2016-08-10,0.041468406443,定向增发机构配售股份
600100,2016-08-15,0.058092647,定向增发机构配售股份
300315,2016-08-19,0.016020230494,定向增发机构配售股份
600079,2016-08-19,0.012232784916,股权分置限售股份
002261,2016-08-29,0.000774966144,股权激励限售股份
002044,2016-08-29,0.450851156797,定向增发机构配售股份
600079,2016-09-05,0.013042450985,定向增发机构配售股份
600699,2016-09-08,0.07720817332,定向增发机构配售股份
601933,2016-09-08,0.056180444238,定向增发机构配售股份
002415,2016-09-13,0.001616583936,股权激励限售股份
300408,2016-09-19,0.004768693337,股权激励限售股份
002600,2016-09-19,0.153452104388,定向增发机构配售股份
000166,2016-09-22,0.001803817163,首发原股东限售股份
600867,2016-09-23,0.000400821571,股权激励限售股份
002044,2016-09-23,0.025662528555,定向增发机构配售股份
002709,2016-09-30,0.009459930522,股权激励限售股份
300118,2016-10-17,0.014201541819,股权激励限售股份
002555,2016-10-27,0.322825126733,定向增发机构配售股份
600332,2016-10-28,0.032524570468,定向增发机构配售股份
000997,2016-11-01,0.005585065123,股权激励限售股份
300316,2016-11-10,0.108736151426,定向增发机构配售股份
600522,2016-11-11,0.022985166328,定向增发机构配售股份
002176,2016-11-14,0.01030987606,定向增发机构配售股份
002709,2016-11-14,0.114266526788,定向增发机构配售股份
002407,2016-11-14,0.095642838224,定向增发机构配售股份
000625,2016-11-15,0.099274168858,股权分置限售股份
300363,2016-11-24,0.018417985765,定向增发机构配售股份
002185,2016-11-28,0.149653958415,定向增发机构配售股份
300409,2016-12-05,0.0284184514,首发原股东限售股份
603456,2016-12-05,0.192552080286,定向增发机构配售股份
600522,2016-12-07,0.029958914001,定向增发机构配售股份
300496,2016-12-12,0.54387322351,首发原股东限售股份
002036,2016-12-12,0.342705647641,定向增发机构配售股份
300451,2016-12-16,0.012276230594,股权激励限售股份
600536,2016-12-19,0.019917685597,定向增发机构配售股份
002261,2016-12-26,0.102832661496,定向增发机构配售股份
300315,2016-12-26,0.043375644071,定向增发机构配售股份
600366,2016-12-29,0.015951672474,定向增发机构配售股份
002555,2016-12-30,0.218579452793,定向增发机构配售股份
300457,2017-01-09,0.000253216391,首发原股东限售股份
002415,2017-01-09,0.006384459495,股权激励限售股份
300379,2017-01-13,0.043567615405,定向增发机构配售股份
002709,2017-01-23,0.232260415978,首发原股东限售股份
300003,2017-01-24,0.026935122119,定向增发机构配售股份
002281,2017-01-26,0.009962059731,股权激励限售股份
002261,2017-02-03,0.010823931736,定向增发机构配售股份
300379,2017-02-03,0.226821135524,首发原股东限售股份
300363,2017-02-03,0.52368193319,"首发原股东限售股份,定向增发机构配售股份"
002716,2017-02-06,0.157699666329,首发原股东限售股份
300364,2017-02-07,0.022483018317,首发原股东限售股份
300409,2017-02-09,0.179468769213,定向增发机构配售股份
002415,2017-02-13,0.006665369406,首发原股东限售股份
000166,2017-02-16,0.001627086863,首发原股东限售股份
600019,2017-02-27,0.25603882115,定向增发机构配售股份
600330,2017-03-06,0.073173280101,定向增发机构配售股份
300451,2017-03-09,0.07988542674,首发原股东限售股份
002292,2017-03-10,0.01748426223,定向增发机构配售股份
300457,2017-03-10,0.039499004018,定向增发机构配售股份
600000,2017-03-20,0.050857948411,定向增发机构配售股份
002176,2017-03-21,0.01523058302,定向增发机构配售股份
002176,2017-03-27,0.145499900961,定向增发机构配售股份
600312,2017-03-27,0.280020606468,定向增发机构配售股份
002292,2017-03-30,0.041564826455,定向增发机构配售股份
000166,2017-04-13,0.004551215138,首发原股东限售股份
000997,2017-04-14,0.002879628403,追加承诺限售股份上市流通
600366,2017-04-20,0.009688072575,股权激励限售股份
002709,2017-04-21,0.000962636984,股权激励限售股份
000733,2017-04-24,0.085616299704,定向增发机构配售股份
002044,2017-04-28,0.015985666578,定向增发机构配售股份
000166,2017-05-05,0.018911707997,首发原股东限售股份
300451,2017-05-09,0.068573189452,首发原股东限售股份
300496,2017-05-10,0.016332373695,股权激励限售股份
300316,2017-05-12,0.000767321124,股权激励限售股份
300363,2017-05-12,0.003494663663,股权激励限售股份
300468,2017-05-16,0.020274280345,股权激励限售股份
300451,2017-05-19,0.002676540396,股权激励限售股份
300002,2017-05-19,0.046210646916,定向增发机构配售股份
002407,2017-05-31,0.009470313598,股权激励限售股份
300468,2017-05-31,0.136211442187,首发原股东限售股份
300465,2017-05-31,0.049315883403,首发原股东限售股份
600999,2017-05-31,0.0386905963,定向增发机构配售股份
600157,2017-05-31,0.211291540401,定向增发机构配售股份
300316,2017-06-09,0.000623182052,股权激励限售股份
000997,2017-06-15,0.000725334727,股权激励限售股份
600019,2017-06-19,0.000551590667,股权激励限售股份
002292,2017-06-19,0.008976259544,定向增发机构配售股份
600048,2017-06-20,0.083228755459,定向增发机构配售股份
002044,2017-06-22,0.007575744911,定向增发机构配售股份
002223,2017-06-26,0.135617382416,定向增发机构配售股份
002600,2017-06-26,0.196613565121,定向增发机构配售股份
300315,2017-07-03,0.094278691507,定向增发机构配售股份
603369,2017-07-03,0.457353527302,首发原股东限售股份
600115,2017-07-03,0.135332493214,定向增发机构配售股份
300226,2017-07-14,0.00615139775,股权激励限售股份
300124,2017-07-20,0.002009540853,股权激励限售股份
300118,2017-07-28,0.047563007421,定向增发机构配售股份
600867,2017-08-22,0.000532246942,股权激励限售股份
002261,2017-08-28,0.00372132884,股权激励限售股份
603806,2017-09-05,0.775597014925,首发原股东限售股份
600221,2017-09-06,0.281329871777,定向增发机构配售股份
000166,2017-09-08,0.007927718539,首发原股东限售股份
300364,2017-09-13,0.238380422558,定向增发机构配售股份
300408,2017-09-14,0.00368459982,股权激励限售股份
002400,2017-09-22,0.129966361337,定向增发机构配售股份
000917,2017-09-25,0.179621705549,"定向增发机构配售股份,股权分置限售股份"
002709,2017-10-09,0.007616060775,股权激励限售股份
603456,2017-10-10,0.676706684926,首发原股东限售股份
600410,2017-10-12,0.189475276584,定向增发机构配售股份
300364,2017-10-16,0.005271990172,股权激励限售股份
600547,2017-10-20,0.01958545241,定向增发机构配售股份
600879,2017-10-23,0.254044280079,"定向增发机构配售股份,追加承诺限售股份上市流通"
000069,2017-10-30,0.003297670403,股权激励限售股份
600216,2017-11-03,0.010324418245,股权激励限售股份
600312,2017-11-06,0.161715889156,定向增发机构配售股份
300364,2017-11-07,0.000841552047,股权激励限售股份
000997,2017-11-15,0.005458711818,股权激励限售股份
000807,2017-11-21,0.235760713672,定向增发机构配售股份
300409,2017-12-04,0.136390251224,首发原股东限售股份
300408,2017-12-04,0.071916030185,首发原股东限售股份
002352,2017-12-08,0.133039689127,首发原股东限售股份
300496,2017-12-11,0.023666531153,首发原股东限售股份
600633,2017-12-18,0.079038832727,定向增发机构配售股份
300451,2017-12-28,0.010334598432,股权激励限售股份
002261,2017-12-28,0.028310845461,定向增发机构配售股份
002555,2017-12-29,0.238701031628,定向增发机构配售股份
600366,2017-12-29,0.010306177304,定向增发机构配售股份
300118,2017-12-29,0.009534845024,股权激励限售股份
600699,2018-01-04,0.273804078631,定向增发机构配售股份
002415,2018-01-08,0.004585568871,股权激励限售股份
601618,2018-01-08,0.090385570578,定向增发机构配售股份
300115,2018-01-11,0.003173369859,追加承诺限售股份上市流通
601021,2018-01-22,0.75,首发原股东限售股份
002352,2018-01-23,0.723882386179,定向增发机构配售股份
300379,2018-01-24,0.037906590413,定向增发机构配售股份
002292,2018-01-25,0.004107704643,定向增发机构配售股份
300124,2018-01-25,0.010724053158,股权激励限售股份
002281,2018-01-26,0.009844730029,股权激励限售股份
002261,2018-01-29,0.011119871472,定向增发机构配售股份
600522,2018-02-08,0.166707135888,定向增发机构配售股份
600157,2018-02-14,0.531071420128,定向增发机构配售股份
000166,2018-02-14,0.630019857851,首发原股东限售股份
600879,2018-02-22,0.11361340585,定向增发机构配售股份
600100,2018-02-26,0.258448997643,定向增发机构配售股份
300451,2018-03-07,0.003340679397,定向增发机构配售股份
300168,2018-03-12,0.013193872144,定向增发机构配售股份
300457,2018-03-13,0.007537868605,定向增发机构配售股份
002436,2018-03-16,0.123026106404,定向增发机构配售股份
002415,2018-03-19,0.073648890374,首发原股东限售股份
002352,2018-03-21,0.419914021967,定向增发机构配售股份
603338,2018-03-26,0.715538461538,首发原股东限售股份
600330,2018-04-02,0.012643420916,定向增发机构配售股份
601933,2018-04-02,0.199900000003,定向增发机构配售股份
600079,2018-04-03,0.177671773769,定向增发机构配售股份
300364,2018-04-16,0.15746102919,首发原股东限售股份
300118,2018-04-20,0.267250722628,定向增发机构配售股份
600366,2018-04-23,0.014863429834,股权激励限售股份
002044,2018-04-26,0.032399102032,定向增发机构配售股份
002176,2018-04-26,0.042671099028,定向增发机构配售股份
002716,2018-04-27,0.129672818979,定向增发机构配售股份
300468,2018-05-04,0.003205445022,股权激励限售股份
002709,2018-05-08,0.000626254683,股权激励限售股份
300315,2018-05-08,0.026817103984,定向增发机构配售股份
300364,2018-05-11,0.003043815809,股权激励限售股份
300496,2018-05-14,0.012207298563,股权激励限售股份
300316,2018-05-15,0.000932385743,股权激励限售股份
300468,2018-05-15,0.021290352235,股权激励限售股份
000997,2018-05-16,0.002149555087,追加承诺限售股份上市流通
002422,2018-05-16,0.003548214807,股权激励限售股份
300451,2018-05-21,0.001695391985,"首发原股东限售股份,股权激励限售股份"
601021,2018-05-22,0.000181217154,股权激励限售股份
300457,2018-05-23,0.250243022539,首发原股东限售股份
002384,2018-05-28,0.288471800374,定向增发机构配售股份
600010,2018-05-28,0.304268503543,定向增发机构配售股份
300002,2018-05-29,0.015452968858,定向增发机构配售股份
300468,2018-05-29,0.334035233233,首发原股东限售股份
300465,2018-05-30,0.127762309651,首发原股东限售股份
002407,2018-06-01,0.011437759269,股权激励限售股份
002400,2018-06-04,0.004667962835,定向增发机构配售股份
000807,2018-06-11,0.072682734887,定向增发机构配售股份
600019,2018-06-19,0.000514033542,股权激励限售股份
601211,2018-06-26,0.370326562314,首发原股东限售股份
300226,2018-07-17,0.006236966304,股权激励限售股份
002555,2018-07-17,0.017137191218,定向增发机构配售股份
002709,2018-08-02,0.072983228431,定向增发机构配售股份
603456,2018-08-08,0.00410810329,股权激励限售股份
600410,2018-08-10,0.001163291435,股权激励限售股份
300124,2018-08-13,0.001883469274,股权激励限售股份
002352,2018-08-23,0.189749022741,定向增发机构配售股份
002044,2018-08-28,0.282073667147,定向增发机构配售股份
002600,2018-09-21,0.208915969927,定向增发机构配售股份
300408,2018-09-28,0.001963738718,股权激励限售股份
000997,2018-10-08,0.072360332765,定向增发机构配售股份
002709,2018-10-09,0.00672590957,股权激励限售股份
002044,2018-10-25,0.240956094097,定向增发机构配售股份
600216,2018-10-29,0.008076019793,股权激励限售股份
300118,2018-11-05,0.006738764014,股权激励限售股份
600522,2018-11-12,0.109236475232,定向增发机构配售股份
300408,2018-11-12,0.00021039743,股权激励限售股份
002176,2018-11-13,0.017593008169,定向增发机构配售股份
300496,2018-11-15,0.003406026815,股权激励限售股份
300451,2018-11-16,0.032222665253,定向增发机构配售股份
600216,2018-11-22,0.001694690563,股权激励限售股份
603338,2018-11-22,0.081538100303,定向增发机构配售股份
600516,2018-11-23,0.019708353343,股权激励限售股份
002044,2018-11-23,0.014822786201,定向增发机构配售股份
600584,2018-11-26,0.049564704023,定向增发机构配售股份
000157,2018-12-07,0.010470636055,股权激励限售股份
300496,2018-12-10,0.051864271095,首发原股东限售股份
600760,2018-12-12,0.134439213464,定向增发机构配售股份
002036,2018-12-12,0.283148450471,定向增发机构配售股份
600410,2018-12-13,0.003253716978,股权激励限售股份
300468,2018-12-20,0.00693515348,股权激励限售股份
002261,2018-12-26,0.085831078121,定向增发机构配售股份
300457,2019-01-02,0.006879100761,股权激励限售股份
600366,2019-01-02,0.013356514628,定向增发机构配售股份
002555,2019-01-02,0.090455040028,定向增发机构配售股份
002506,2019-01-02,0.499936588459,定向增发机构配售股份
300451,2019-01-04,0.00779240888,股权激励限售股份
000069,2019-01-07,0.121712578043,定向增发机构配售股份
002415,2019-01-08,0.004154386259,股权激励限售股份
002352,2019-01-11,0.000983673737,股权激励限售股份
002555,2019-01-14,0.195693010656,定向增发机构配售股份
300408,2019-01-15,0.003014988554,股权激励限售股份
002292,2019-01-17,0.061730918461,定向增发机构配售股份
002415,2019-01-21,0.003732664771,股权激励限售股份
300124,2019-01-21,0.008431583641,股权激励限售股份
002555,2019-01-23,0.014830066844,定向增发机构配售股份
002709,2019-01-23,0.3970946274,追加承诺限售股份上市流通
300003,2019-01-25,0.071546672039,定向增发机构配售股份
002281,2019-01-28,0.009214700038,股权激励限售股份
000997,2019-02-01,0.000101346449,追加承诺限售股份上市流通
000963,2019-02-11,0.106979403175,定向增发机构配售股份
601021,2019-02-12,0.126920289664,定向增发机构配售股份
000166,2019-02-14,0.111220774998,"定向增发机构配售股份,追加承诺限售股份上市流通"
300017,2019-03-14,0.112301165365,定向增发机构配售股份
002352,2019-03-25,0.306142346022,定向增发机构配售股份
002422,2019-04-02,0.003544067584,股权激励限售股份
300017,2019-04-04,0.00308025785,股权激励限售股份
000069,2019-04-16,0.002796713292,股权激励限售股份
300457,2019-04-19,0.244002297557,定向增发机构配售股份
601099,2019-04-22,0.04951354686,定向增发机构配售股份
000997,2019-04-26,0.001985149618,追加承诺限售股份上市流通
300465,2019-05-10,0.002931235606,股权激励限售股份
002044,2019-05-10,0.179356604797,定向增发机构配售股份
002506,2019-05-13,0.001266636428,股权激励限售股份
300496,2019-05-20,0.010803743154,股权激励限售股份
600999,2019-05-27,0.14256119606,定向增发机构配售股份
002600,2019-05-28,0.059722234887,定向增发机构配售股份
300316,2019-06-17,0.000639613162,股权激励限售股份
600048,2019-06-20,0.010264802296,定向增发机构配售股份
002223,2019-06-24,0.013553983358,定向增发机构配售股份
300363,2019-06-26,0.279377178496,定向增发机构配售股份
300451,2019-07-05,0.001209846466,股权激励限售股份
300226,2019-07-16,0.007032812525,股权激励限售股份
002555,2019-07-17,0.002182662697,定向增发机构配售股份
600516,2019-07-26,0.018425542129,股权激励限售股份
300451,2019-07-29,0.032843335473,定向增发机构配售股份
300379,2019-07-29,0.131492526378,定向增发机构配售股份
600867,2019-08-05,0.039452948888,定向增发机构配售股份
002407,2019-08-06,0.0619340914,定向增发机构配售股份
601933,2019-08-09,0.152641275289,定向增发机构配售股份
600332,2019-08-19,0.238077995479,定向增发机构配售股份
601933,2019-09-11,0.006512298118,股权激励限售股份
000997,2019-09-25,5.6729536e-05,追加承诺限售股份上市流通
600029,2019-09-26,0.134237525537,定向增发机构配售股份
002422,2019-09-26,0.000978849851,股权激励限售股份
000625,2019-10-16,0.035830601825,定向增发机构配售股份
600879,2019-10-21,0.001805841362,定向增发机构配售股份
600547,2019-10-21,0.074844410677,定向增发机构配售股份
600216,2019-10-28,0.00795152517,股权激励限售股份
603456,2019-10-30,0.002930880914,股权激励限售股份
000157,2019-11-18,0.001418559786,股权激励限售股份
300496,2019-11-22,0.002024978284,股权激励限售股份
600216,2019-11-22,0.001590469657,股权激励限售股份
000807,2019-11-22,0.067923939498,定向增发机构配售股份
300465,2019-11-25,0.001015926136,股权激励限售股份
300409,2019-12-06,0.189033544041,定向增发机构配售股份
601933,2019-12-10,0.000309370746,股权激励限售股份
600633,2019-12-16,0.008952144995,定向增发机构配售股份
300316,2019-12-17,0.000338772897,股权激励限售股份
300457,2019-12-18,0.000201175348,股权激励限售股份
002176,2019-12-23,0.139050429303,定向增发机构配售股份
300465,2019-12-30,0.041150873226,定向增发机构配售股份
002555,2019-12-30,0.022462542483,定向增发机构配售股份
300457,2020-01-02,0.004811192882,股权激励限售股份
300408,2020-01-06,0.002799425261,股权激励限售股份
000733,2020-01-08,0.088311779068,定向增发机构配售股份
300451,2020-01-09,0.007299608703,股权激励限售股份
000997,2020-01-13,0.009453660385,股权激励限售股份
002506,2020-01-16,0.000148847459,股权激励限售股份
000157,2020-01-16,0.007075851706,股权激励限售股份
600019,2020-01-16,0.002477691959,股权激励限售股份
002415,2020-01-20,0.00269907675,股权激励限售股份
300124,2020-01-20,0.007807658909,股权激励限售股份
000069,2020-01-23,0.002762495754,股权激励限售股份
300457,2020-01-23,0.097732954235,首发原股东限售股份
002352,2020-01-23,0.624247499084,"首发原股东限售股份,定向增发机构配售股份"
002281,2020-02-03,0.008391168186,股权激励限售股份
300364,2020-02-13,0.150404758005,首发原股东限售股份
002716,2020-02-28,0.046853342961,追加承诺限售股份上市流通
300457,2020-03-13,0.026554777828,定向增发机构配售股份
002716,2020-03-13,0.10744155544,追加承诺限售股份上市流通
600050,2020-04-09,0.014107705045,股权激励限售股份
300118,2020-04-20,0.0,定向增发机构配售股份
600879,2020-04-21,0.110902049301,定向增发机构配售股份
002281,2020-04-27,0.034900149746,定向增发机构配售股份
300468,2020-05-14,0.004317943106,股权激励限售股份
600547,2020-05-15,0.065446526214,定向增发机构配售股份
002506,2020-05-25,0.000559476472,股权激励限售股份
600219,2020-06-08,0.181008772691,定向增发机构配售股份
002281,2020-06-09,0.000690749285,股权激励限售股份
600584,2020-06-19,0.143158068346,定向增发机构配售股份
300316,2020-06-23,0.000496692283,股权激励限售股份
002036,2020-06-30,0.002525042375,"股权激励限售股份,股权激励期权行权"
002555,2020-07-17,0.002916596323,定向增发机构配售股份
002600,2020-07-27,0.009919025655,股权激励限售股份
000166,2020-07-31,4.8506163e-05,首发原股东限售股份
002709,2020-08-03,0.002197648399,定向增发机构配售股份
600702,2020-08-25,0.0060269302,股权激励限售股份
300451,2020-08-28,0.092938993253,定向增发机构配售股份
600000,2020-09-04,0.042528989385,定向增发机构配售股份
300363,2020-09-10,0.001639948458,股权激励限售股份
002600,2020-10-21,0.002878431517,股权激励限售股份
002044,2020-10-26,0.056022221262,定向增发机构配售股份
002352,2020-10-30,7.0897952e-05,首发原股东限售股份
600050,2020-11-02,0.295945110548,定向增发机构配售股份
600079,2020-11-03,0.049977856981,定向增发机构配售股份
300496,2020-11-13,0.002583553945,股权激励限售股份
002044,2020-11-18,0.046246105585,定向增发机构配售股份
600760,2020-11-23,0.00264264524,股权激励限售股份
000069,2020-11-26,0.00275445568,股权激励限售股份
000157,2020-12-03,0.001348246991,股权激励限售股份
300409,2020-12-07,0.003397865184,定向增发机构配售股份
300124,2020-12-11,0.018126104231,定向增发机构配售股份
600760,2020-12-14,0.70147564991,定向增发机构配售股份
300316,2020-12-15,0.000322624724,股权激励限售股份
300468,2020-12-16,0.008151702155,股权激励限售股份
600760,2020-12-21,0.042740917914,定向增发机构配售股份
600584,2020-12-21,0.110933511982,定向增发机构配售股份
000157,2020-12-29,0.007075655728,股权激励限售股份
000807,2021-01-06,0.073673174293,定向增发机构配售股份
002600,2021-01-06,0.145499162931,定向增发机构配售股份
300451,2021-01-13,0.006882669792,股权激励限售股份
600019,2021-01-18,0.002537813571,股权激励限售股份
600547,2021-01-18,0.069574939588,定向增发机构配售股份
002415,2021-01-20,0.008005391994,股权激励限售股份
002281,2021-02-01,0.009272563371,股权激励限售股份
600150,2021-02-01,0.15378046846,定向增发机构配售股份
000917,2021-02-03,0.085965327467,定向增发机构配售股份
000063,2021-02-04,0.098797696364,定向增发机构配售股份
002384,2021-02-08,0.074298124284,定向增发机构配售股份
000997,2021-02-09,0.011009268604,股权激励限售股份
300496,2021-02-18,0.064866286693,定向增发机构配售股份
300451,2021-02-22,0.079239166316,定向增发机构配售股份
002506,2021-03-03,0.000139249471,股权激励限售股份
600150,2021-03-30,0.333461778334,定向增发机构配售股份
600050,2021-04-09,0.007100456862,股权激励限售股份
000625,2021-04-26,0.066441490584,定向增发机构配售股份
600699,2021-05-06,0.095623879331,定向增发机构配售股份
300408,2021-05-13,0.045141291454,定向增发机构配售股份
002709,2021-05-14,0.002406816673,股权激励限售股份
002036,2021-05-18,0.113845197515,定向增发机构配售股份
300115,2021-05-26,0.091273651767,定向增发机构配售股份
000858,2021-06-04,0.022064346088,定向增发机构配售股份
002281,2021-06-08,0.000683876262,股权激励限售股份
300363,2021-06-25,4.8101176e-05,股权激励限售股份
002036,2021-06-30,0.002137187768,股权激励限售股份
000933,2021-07-02,0.148316242805,定向增发机构配售股份
002600,2021-07-07,0.007256188091,股权激励限售股份
300346,2021-07-15,0.00187527371,股权激励限售股份
002407,2021-07-16,0.007424891289,股权激励限售股份
002506,2021-07-26,0.132225621363,定向增发机构配售股份
300363,2021-07-27,0.000867305564,股权激励限售股份
002497,2021-07-29,0.102726363983,定向增发机构配售股份
002407,2021-08-06,0.033203041644,定向增发机构配售股份
603456,2021-08-09,0.03155131703,定向增发机构配售股份
000157,2021-08-10,0.072376992594,定向增发机构配售股份
002600,2021-08-13,0.656054204637,追加承诺限售股份上市流通
600702,2021-08-25,0.004818854846,股权激励限售股份
601288,2021-08-27,0.017472484081,定向增发机构配售股份
600584,2021-08-31,0.151621691942,定向增发机构配售股份
300409,2021-09-06,0.218301931781,定向增发机构配售股份
300363,2021-09-10,0.001158788609,股权激励限售股份
002555,2021-09-10,0.068574336563,定向增发机构配售股份
000049,2021-09-13,0.003009987471,股权激励限售股份
300451,2021-09-15,0.001110105737,股权激励限售股份
002600,2021-09-27,0.000732160224,股权激励限售股份
300017,2021-09-27,0.00249542032,股权激励限售股份
600029,2021-09-27,0.047867965638,定向增发机构配售股份
300363,2021-09-30,0.000184074365,股权激励限售股份
600584,2021-10-27,0.099282485546,定向增发机构配售股份
603456,2021-11-03,0.000903365075,股权激励限售股份
600079,2021-11-05,0.039738725502,定向增发机构配售股份
600547,2021-11-12,0.021565926898,定向增发机构配售股份
002716,2021-11-15,0.035728758229,首发原股东限售股份
600760,2021-11-22,0.000754604919,股权激励限售股份
300409,2021-12-07,0.001557742369,定向增发机构配售股份
002407,2021-12-13,0.101621232906,定向增发机构配售股份
300124,2021-12-14,0.007644613241,定向增发机构配售股份
002709,2021-12-15,0.035675343671,定向增发机构配售股份
300316,2021-12-22,0.000754094127,"股权激励限售股份,股权激励一般股份"
300451,2022-01-12,0.004492966576,股权激励限售股份
300124,2022-01-24,0.016122411023,定向增发机构配售股份
002281,2022-02-07,0.007733767787,股权激励限售股份
300346,2022-02-21,0.038363108606,定向增发机构配售股份
300457,2022-03-09,0.158715957495,定向增发机构配售股份
300364,2022-03-21,0.020918724656,定向增发机构配售股份
002407,2022-03-29,0.00137857159,股权激励限售股份
002261,2022-03-31,0.131948802415,定向增发机构配售股份
002709,2022-04-08,0.002413567262,股权激励限售股份
600050,2022-04-11,0.006678023838,股权激励限售股份
002281,2022-04-25,0.008499654345,定向增发机构配售股份
000738,2022-04-25,0.078378137872,定向增发机构配售股份
002292,2022-04-27,0.124618671915,定向增发机构配售股份
002185,2022-05-09,0.144983801501,定向增发机构配售股份
300363,2022-05-16,0.001268913363,股权激励限售股份
002415,2022-05-18,0.00361193451,股权激励限售股份
002352,2022-05-19,0.072076766699,定向增发机构配售股份
300124,2022-05-19,0.021911273814,定向增发机构配售股份
002036,2022-05-20,0.003742219266,股权激励限售股份
300408,2022-06-17,0.053821295353,定向增发机构配售股份
300363,2022-06-27,4.7581488e-05,股权激励限售股份
000807,2022-06-28,0.097353454888,定向增发机构配售股份
603338,2022-07-11,0.041201531329,定向增发机构配售股份
002407,2022-07-18,0.004779538633,股权激励限售股份
600867,2022-07-22,0.001272468537,股权激励限售股份
300363,2022-07-28,0.000630333786,股权激励限售股份
300017,2022-07-28,0.002188684905,股权激励限售股份
603456,2022-08-10,0.000559050941,股权激励限售股份
002352,2022-08-10,0.000105311831,首发原股东限售股份
002281,2022-08-23,0.000672919248,股权激励限售股份
600702,2022-08-25,0.003503140083,股权激励限售股份
600019,2022-08-29,0.002413256462,股权激励限售股份
600115,2022-08-30,0.124455875177,定向增发机构配售股份
600079,2022-09-01,0.006294061311,股权激励限售股份
300468,2022-09-05,0.068373708755,定向增发机构配售股份
300346,2022-09-06,0.000369816105,股权激励限售股份
000049,2022-09-13,0.002956070173,股权激励限售股份
300363,2022-09-16,0.001165090241,股权激励限售股份
000670,2022-09-22,0.013163259843,股权分置限售股份
300363,2022-09-30,0.000111346571,股权激励限售股份
300451,2022-09-30,0.001059829816,股权激励限售股份
600079,2022-11-07,0.043422622925,定向增发机构配售股份
000063,2022-11-10,0.021438110167,定向增发机构配售股份
600760,2022-11-22,0.000746767847,股权激励限售股份
603456,2022-11-25,0.000656489709,股权激励限售股份
002716,2022-12-01,0.034079137714,首发原股东限售股份
300316,2022-12-16,0.0,股权激励限售股份
601211,2022-12-21,0.003341174889,股权激励限售股份
300363,2022-12-26,0.000207904398,股权激励限售股份
000807,2023-01-06,0.091515412655,定向增发机构配售股份
300451,2023-01-12,0.004140735724,股权激励限售股份
300316,2023-01-30,0.017350067653,定向增发机构配售股份
600019,2023-01-31,0.000137397284,股权激励限售股份
600009,2023-03-02,0.432537635601,追加承诺限售股份上市流通
000625,2023-03-06,0.005788585286,股权激励限售股份
002436,2023-03-06,0.134380082426,定向增发机构配售股份
300346,2023-03-29,0.000253234558,股权激励限售股份
600150,2023-03-30,0.453695543025,定向增发机构配售股份
002407,2023-03-30,0.001190141313,股权激励限售股份
300496,2023-04-04,0.082522348941,定向增发机构配售股份
600050,2023-04-12,0.00010464417,股权激励限售股份
002709,2023-04-17,0.00189024676,股权激励限售股份
000738,2023-04-25,0.054830851003,定向增发机构配售股份
600216,2023-05-12,0.003470397076,股权激励限售股份
002497,2023-05-16,0.005702254276,股权激励限售股份
300363,2023-05-17,0.00070262841,股权激励限售股份
002281,2023-05-19,0.009631246035,股权激励限售股份
600366,2023-05-23,0.063311813813,定向增发机构配售股份
600330,2023-05-23,0.192039951964,定向增发机构配售股份
002422,2023-05-30,0.00192480134,股权激励限售股份
601021,2023-06-05,0.063447108292,定向增发机构配售股份
603456,2023-06-12,0.000826034581,股权激励限售股份
600029,2023-06-19,0.193590259206,定向增发机构配售股份
000807,2023-06-28,0.010450124135,定向增发机构配售股份
601288,2023-07-03,0.062521642897,定向增发机构配售股份
600115,2023-07-12,0.168976031156,定向增发机构配售股份
600079,2023-07-17,0.000400230033,股权激励限售股份
002407,2023-07-17,0.003899667584,股权激励限售股份
603456,2023-07-20,0.072770748102,定向增发机构配售股份
000933,2023-07-25,0.002899943754,股权激励限售股份
300363,2023-07-26,0.000569408365,股权激励限售股份
300017,2023-07-28,0.00204848131,股权激励限售股份
300168,2023-07-31,0.130819412492,定向增发机构配售股份
600867,2023-08-04,0.000945608174,股权激励限售股份
300118,2023-08-14,0.247987119139,定向增发机构配售股份
603456,2023-08-18,0.000388049489,股权激励限售股份
000670,2023-08-22,0.15546123327,股权分置限售股份
600702,2023-08-25,0.003490910933,股权激励限售股份
600079,2023-09-07,0.004397598718,股权激励限售股份
002709,2023-09-15,0.001114975627,股权激励限售股份
300346,2023-09-18,0.000688317697,股权激励限售股份
002716,2023-09-19,0.010918514769,定向增发机构配售股份
603456,2023-09-28,0.000602266883,股权激励限售股份
300124,2023-10-10,0.0,股权激励限售股份
300363,2023-10-10,0.0,股权激励限售股份
002281,2023-10-23,0.01064098612,股权激励限售股份
002281,2023-10-31,0.089740808141,定向增发机构配售股份
600366,2023-11-01,0.007440653578,股权激励限售股份
600079,2023-11-06,0.046826766749,定向增发机构配售股份
000625,2023-11-07,0.063123972324,定向增发机构配售股份
000983,2023-11-17,0.103734992448,定向增发机构配售股份
002036,2023-11-28,0.00302514576,股权激励限售股份
002261,2023-12-05,0.001072151066,定向增发机构配售股份
000963,2023-12-05,0.000697302266,股权激励限售股份
300316,2023-12-19,0.0,股权激励限售股份
002422,2023-12-19,2.1004284e-05,股权激励限售股份
300379,2023-12-26,0.200233327592,定向增发机构配售股份
600702,2023-12-27,0.001123672061,股权激励限售股份
000625,2024-01-02,0.000901578349,股权激励限售股份
002281,2024-01-12,0.000126977087,股权激励限售股份
000983,2024-01-22,0.014987432259,定向增发机构配售股份
002716,2024-01-31,0.002414096125,追加承诺限售股份上市流通
600879,2024-01-31,0.157904765742,定向增发机构配售股份
601211,2024-02-05,0.003703620891,股权激励限售股份
002407,2024-03-01,0.112886108629,定向增发机构配售股份
000625,2024-03-05,0.005251512469,股权激励限售股份
600536,2024-03-15,0.008474626096,股权激励限售股份
300346,2024-04-22,0.0,股权激励限售股份
000733,2024-05-09,0.057447622549,定向增发机构配售股份
002497,2024-05-16,0.005687049637,股权激励限售股份
002036,2024-05-20,7.11922e-05,股权激励限售股份
002422,2024-06-06,0.001645885274,股权激励限售股份
002261,2024-06-11,7.3475666e-05,股权激励限售股份
600115,2024-07-12,0.077905900726,定向增发机构配售股份
002261,2024-07-15,0.001820645679,股权激励限售股份
600079,2024-07-16,0.000373812867,股权激励限售股份
300017,2024-07-25,0.001636154175,股权激励限售股份
300168,2024-07-30,0.053863479146,定向增发机构配售股份
000933,2024-08-02,0.002133632095,股权激励限售股份
300118,2024-08-13,0.005354595762,定向增发机构配售股份
600100,2024-08-26,0.115332664468,定向增发机构配售股份
600079,2024-09-02,0.004091251852,股权激励限售股份
300124,2024-09-23,0.0,股权激励限售股份
002281,2024-10-08,0.021940579614,定向增发机构配售股份
000963,2024-10-28,0.000109931121,股权激励限售股份
600115,2024-11-11,0.145778616692,定向增发机构配售股份
600050,2024-11-18,0.010053925425,股权激励限售股份
600886,2024-12-09,0.065507737041,定向增发机构配售股份
000963,2024-12-16,0.000607102012,股权激励限售股份
002422,2024-12-24,1.9101911e-05,股权激励限售股份
300115,2024-12-25,0.109356241568,定向增发机构配售股份
600702,2024-12-27,0.001050265099,股权激励限售股份
600536,2024-12-30,0.000763242049,股权激励限售股份
000625,2024-12-31,0.000846998627,股权激励限售股份
600879,2025-02-11,0.02125488472,定向增发机构配售股份
600536,2025-02-17,6.7794228e-05,股权激励限售股份
000768,2025-02-17,0.001501666342,股权激励限售股份
000625,2025-03-05,0.005002386485,股权激励限售股份
601211,2025-03-17,0.444510991631,定向增发机构配售股份
300457,2025-04-11,0.001556055771,股权激励限售股份
002261,2025-04-15,0.010558179001,定向增发机构配售股份
600760,2025-04-28,0.001255074442,股权激励限售股份
601211,2025-05-08,0.002060109739,股权激励限售股份
002261,2025-06-10,2.6312955e-05,股权激励限售股份
002281,2025-07-02,0.008277172307,股权激励限售股份
002261,2025-07-14,0.0021796065,股权激励限售股份
000933,2025-07-31,0.001976045751,股权激励限售股份
000670,2025-08-22,0.115744706739,股权分置限售股份
600150,2025-09-16,0.405706374684,定向增发机构配售股份
600009,2025-09-23,0.062349041793,定向增发机构配售股份
300124,2025-09-24,0.0,股权激励限售股份
002716,2025-10-20,0.056674915485,定向增发机构配售股份
000963,2025-10-29,9.9879559e-05,股权激励限售股份
600366,2025-11-24,0.032754932099,定向增发机构配售股份
600029,2025-11-24,0.059625732963,定向增发机构配售股份
000963,2025-12-10,0.000727237316,股权激励限售股份
002281,2025-12-25,6.0296812e-05,股权激励限售股份
600221,2025-12-26,0.232762712564,定向增发机构配售股份
000625,2026-01-05,0.001023529177,股权激励限售股份
600760,2026-01-08,0.027599032848,定向增发机构配售股份
000983,2026-01-20,0.18263980677,定向增发机构配售股份
601211,2026-02-12,0.000216115982,股权激励限售股份
000768,2026-02-24,0.001402695708,股权激励限售股份
600050,2026-04-02,0.00721458771,股权激励限售股份
300457,2026-04-22,0.001488686467,股权激励限售股份
600760,2026-04-27,0.001189820588,股权激励限售股份
600699,2026-07-13,0.029974399301,定向增发机构配售股份
300124,2026-09-21,0.000126539492,股权激励限售股份
300124,2026-09-23,0.00012861391,股权激励限售股份
601088,2026-10-08,0.027752401289,定向增发机构配售股份
600009,2026-10-12,0.001615126368,股权激励限售股份
600050,2026-11-16,0.008115478526,股权激励限售股份
002281,2026-11-27,6.0217936e-05,股权激励限售股份
000670,2026-12-08,0.015877065486,股权激励限售股份
002281,2026-12-16,0.016593703198,定向增发机构配售股份
